mieteqm;flaeche;bjahr;bad;kueche;lage;zh
7.23281164518389;39;1972;0;0;2;1
8.29715772843243;97;1985;0;0;1;1
7.76421263606755;62;1962;0;0;1;1
6.06342064494358;61;1957.5;1;0;2;1
5.17469820996712;72;1978;0;0;1;1
6.93516307654551;75;1968;0;0;1;1
9.8813035897803;65;1956;0;0;2;1
7.67443489464831;91;1984;0;0;1;1
7.7879979343808;100;1959;0;0;1;1
5.14567216987161;64;1962;0;0;1;1
5.80421099993353;73;1980;0;0;1;1
5.48701574267702;60;1957;0;0;1;1
3.96661519661729;81;1996;0;1;1;1
7.85626562635812;87;1979;1;1;2;1
3.05554163705435;67;1964;0;0;1;0
4.59587489710251;80;1972;0;0;1;1
8.57450289646851;74;1957;0;0;1;1
5.64734153786372;42;1962;0;0;1;1
10.5640776550109;39;1996;0;0;1;1
9.37311525030294;90;1983;0;1;2;1
4.68215489076249;80;1971;0;0;1;1
8.02229232602016;41;1960;0;0;1;1
5.13371816568925;59;1960;0;0;1;1
4.15577989907098;75;1960;0;0;3;1
7.42833988639094;70;1970;0;1;1;1
6.62590818220397;71;1970;0;0;1;1
8.1114309525879;48;1972;0;0;3;1
10.0203749814657;54;1986;0;0;2;1
5.63491203223184;86;1965;0;0;1;1
7.19984354468435;60;1957.5;0;0;2;1
8.17714218515924;87;1981;0;0;1;1
6.8683525664296;78;1991;0;0;1;1
5.07358870658493;78;1969;0;0;1;1
5.49159180501373;96;1967;0;0;1;1
6.72384614204711;71;1965;0;0;2;1
7.9726867877065;59;1986;1;0;1;1
4.15580546366504;82;1982;0;0;1;1
4.27487051533109;87;1972;0;0;1;1
7.04832730861067;75;1967;1;1;1;1
4.75428437031848;70;1965;0;0;1;1
6.46021893518353;57;1972;0;0;1;1
9.36005174273838;75;1984;0;0;1;1
3.44323126243078;64;1957.5;0;0;1;1
12.1255528343465;58;1994.5;0;0;2;1
7.09587745356191;60;1956;0;0;1;1
9.85725753260764;91;1958;0;0;1;1
8.69582223403875;53;1956;0;0;1;1
7.34633378156588;88;1960;0;0;1;1
4.86762039645573;84;1956;0;0;2;1
7.99660502190886;75;1994.5;1;0;1;1
5.0146449333531;77;1964;0;0;1;1
4.42765475527014;77;1961;0;0;1;1
8.73646482567503;54;1990;0;0;1;1
4.44679905717777;71;1965;0;0;1;1
5.60616720267099;85;1957.5;0;0;1;1
10.4188963253453;58;1994;0;0;2;1
6.70644687933;84;1973;0;0;1;1
4.33606039379701;67;1972;0;0;1;1
6.71780778493018;54;1979;0;1;1;1
7.19095729178916;42;1971;0;0;1;1
6.45506000010226;72;1983;1;0;1;1
7.11701425993057;61;1983;0;0;1;1
4.60051538221625;46;1965;0;0;1;1
11.6219456701247;36;1985;0;0;3;1
9.2577371243922;61;1983;0;0;1;1
8.14065639651708;46;1991;0;0;1;1
11.823992882817;70;1987;0;0;3;1
6.90661253789951;49;1957.5;0;0;2;1
8.48279758465715;88;1983;1;0;1;1
5.22085764100152;81;1962;0;0;1;1
6.89068579580025;87;1972;0;0;1;1
8.2699160970023;55;1969;0;0;1;1
6.33346456491617;39;1957.5;0;0;2;1
5.22447247460158;88;1957.5;0;0;2;1
5.91483922426796;57;1964;0;0;2;1
5.95784909731418;59;1958;0;0;2;1
6.70483119698542;74;1964;0;0;1;1
7.63239136325754;47;1964;0;0;1;1
5.67533988127802;50;1990;0;0;2;1
3.96326367833605;68;1955;0;0;1;1
3.88581829709126;87;1969;0;0;1;1
9.54752202389778;45;1973;0;0;2;1
5.72446480522336;51;1971;0;0;1;1
8.05220801398895;80;1969;0;1;2;1
6.13874927780022;63;1951;0;0;1;1
3.40374316786224;70;1965;0;0;1;1
6.6198084700613;72;1972;0;0;1;1
8.87967768159809;70;1971;0;0;1;1
5.73483380457402;55;1971;0;0;1;1
8.1139516215622;82;1996;0;1;1;1
5.39136325754283;74;1972;0;0;1;1
6.01784408665375;83;1972;0;0;1;1
9.70060281312793;55;1959;0;0;1;1
6.12448934723366;65;1957;0;0;1;1
5.92705398730974;65;1974;0;0;1;1
11.3722665057802;45;1991;0;0;1;1
10.1524212227034;78;1986;0;0;1;1
4.56875802089139;84;1962;0;0;2;1
7.585828011637;82;1995;0;0;2;1
8.51194633480415;48;1983;0;0;1;1
9.60167805995409;53;1993;0;1;1;1
7.86150125522157;66;1971;0;0;2;1
9.66754268008978;62;1984;0;0;1;1
8.8393316392529;68;1971;1;0;1;1
7.89183620253294;57;1995;0;0;2;1
9.02021136806369;100;1994;0;0;1;1
10.2168133222213;85;1995;1;0;1;1
9.97694584907686;53;1971;0;0;1;1
7.33959495457172;100;1972;0;0;1;1
9.28847087937091;90;1991;0;1;1;1
8.94671316014173;57;1970;0;0;1;1
5.88480593916649;62;1962;0;0;1;1
9.93894663646636;54;1988;0;0;2;1
6.70061303896555;57;1996;0;0;1;1
4.80188257670657;72;1951;0;0;2;1
6.64679445555084;47;1957.5;0;0;1;1
9.05054120245625;76;1964;0;0;2;1
6.57461026776356;85;1957.5;0;0;2;1
6.47570596626496;52;1957.5;0;0;2;1
6.62867427128125;79;1957.5;0;0;2;1
8.59140620606085;60;1990;0;1;1;1
8.46597096884699;50;1979;0;0;1;1
14.0204107718974;65;1984;0;0;2;1
7.39739650174095;72;1958;0;0;2;1
7.41218306294514;66;1957.5;0;0;2;0
4.4570356319312;93;1955;1;0;1;1
8.47429991359167;70;1964;0;0;1;1
5.78921992197686;66;1957.5;0;0;1;1
7.74504941636032;75;1968;0;0;2;1
8.96249162759545;79;1962;0;0;1;1
7.07571210176754;54;1995;0;0;2;1
5.49098848059392;71;1957.5;0;0;2;0
7.16330151393526;98;1957.5;0;0;2;1
9.00460673984958;61;1969;0;0;1;1
7.09908836657583;39;1968;0;0;1;1
7.63529038822393;63;1968;0;0;1;1
2.87434950890415;46;1954;0;0;1;0
7.10347013799768;88;1971;0;0;2;1
10.7615334666101;44;1957.5;0;0;1;1
5.77883047095095;83;1957.5;0;0;2;1
4.79029363492737;100;1968;0;0;1;1
5.33704872100336;73;1955;0;0;1;1
4.88233639938031;51;1954;0;0;1;1
4.5692662450213;79;1969;0;0;1;1
7.2916306631967;67;1973;1;0;2;1
1.97044017118052;39;1949;0;0;1;0
5.93190103434348;56;1969;0;0;2;1
9.2396118272038;45;1996;0;0;2;1
7.22792369479965;41;1994;0;0;1;1
6.52282151311719;73;1960;0;0;1;1
8.76830297111712;73;1960;0;0;1;1
9.20085590260912;64;1961;0;0;1;1
6.95442344171017;60;1963;0;0;1;1
2.46783565033771;60;1952;0;0;1;1
7.88821114309526;50;1973;0;0;1;1
5.22265738842333;82;1954;0;0;1;1
6.59566526743122;40;1970;0;0;1;1
5.42446429393148;75;1994.5;1;0;1;1
2.07102611167637;87;1966;0;0;1;1
6.833646073534;55;1971;0;0;1;1
7.44294749543672;70;1972;0;0;1;1
8.00235705557231;80;1984;0;0;2;1
4.83278812575735;71;1957.5;0;0;1;1
6.81722337830998;69;1971;0;0;1;1
6.29314920008385;84;1968;0;0;1;1
8.31320206766437;76;1956;0;0;1;1
5.19627984027242;92;1955;1;0;1;1
7.34275985131632;67;1960;0;0;1;1
2.907333459452;80;1958;0;0;1;1
2.88266362618428;50;1957;0;0;2;1
9.52025482787359;65;1972;0;0;1;1
6.12272027732472;60;1972;0;0;1;1
6.89785922089343;67;1965;0;0;1;1
4.90305138994698;86;1970;0;0;1;1
5.99185512033254;63;1962;0;0;1;1
8.82060813056349;62;1994.5;1;0;2;1
8.97840303093827;88;1982;1;0;1;1
5.7821436423411;90;1994.5;0;0;2;1
11.5544091255375;65;1956;0;0;1;1
7.92774934426816;75;1972;0;0;1;1
5.37798274901193;76;1967;0;0;1;1
12.3503065194828;49;1971;0;0;2;1
4.52306284288512;82;1964;0;0;1;1
5.59864609909859;62;1954;0;0;2;1
8.28612404963622;48;1967;0;0;1;1
9.04986629717307;50;1972;0;0;1;1
3.7324307327324;90;1950;0;0;1;0
5.5586426223138;85;1973;0;0;2;1
6.60104917094021;38;1955;0;0;1;0
9.17449369321465;48;1962;0;0;1;1
7.30360511905431;39;1958;0;0;1;1
6.73627053476018;80;1965;0;0;2;1
8.46553125782916;42;1957.5;0;0;2;1
8.45968719162708;35;1960;0;0;1;1
8.76960165249536;81;1955;0;0;3;1
5.16501434173727;53;1961;0;0;2;1
8.10696226154625;77;1957.5;0;0;2;1
9.96786530526682;44;1957.5;0;0;2;1
2.65557129198345;65;1956;0;0;2;1
9.43759426944059;48;1983;0;0;1;1
7.70185036531805;74;1973;0;0;1;1
7.32323361437344;100;1981;1;0;2;1
6.76353773078437;60;1964;0;0;1;1
7.45947756195579;38;1959;0;0;2;1
6.2754329364004;95;1957.5;0;0;1;1
4.33849874477843;82;1969;0;0;2;1
8.91414386730953;55;1984;0;0;1;1
9.26333065757249;40;1958;0;0;2;1
6.64273479801414;63;1950;0;0;1;1
6.96680181815393;85;1997;0;0;1;1
6.73079459871257;56;1963;0;0;1;1
5.83577816067859;58;1972;0;0;1;1
8.7625662762101;63;1991;0;0;1;1
7.12740882387529;65;1957.5;0;0;1;1
7.80953354841678;85;1996;0;1;1;1
6.3956223189132;80;1972;0;0;2;1
7.67070757683439;77;1962;0;0;1;1
6.52866557931927;58;1962;0;0;1;1
5.64728018283798;82;1954;0;0;1;1
6.62367894960196;73;1973;0;0;1;1
7.32096859133974;70;1973;0;0;1;1
5.06857191064663;98;1959;0;0;1;1
4.65354248579887;65;1961;0;0;1;1
7.68966627978914;63;1982;0;0;1;1
6.69052525014955;76;1955;0;0;2;1
10.1694625811037;78;1972;0;1;2;1
6.29643169396113;61;1969;0;0;1;1
7.23404897153638;70;1991;1;0;1;1
8.06456593875746;48;1972;0;0;1;1
8.85919532883737;48;1972;0;0;1;1
7.25293609362777;69;1957.5;0;0;1;1
12.5432680754462;40;1964;0;0;1;1
10.2807554848837;54;1984;0;0;1;1
9.99808265544551;55;1957.5;0;0;2;1
3.99094911111906;89;1980;1;0;2;1
4.43376929487737;53;1957.5;0;0;1;1
10.5898569916608;92;1994.5;1;0;2;1
9.86793330708702;58;1957.5;0;0;2;1
9.75329655440401;95;1976;0;0;3;1
11.6548984318678;100;1967;1;0;3;1
9.1265600793525;80;1970;0;0;2;1
5.4088289882045;80;1973;0;0;1;1
10.5892485543222;65;1965;0;0;1;1
11.5440810295373;46;1991;0;0;2;1
6.37367255845345;79;1991;0;0;1;1
7.5762515147022;56;1988;0;0;1;1
6.97470127771841;75;1972;0;0;1;1
6.06767970631394;49;1957.5;0;0;2;1
5.45718697432803;75;1957.5;0;0;2;1
4.86477198938558;75;1959;0;0;2;1
6.38944591298835;60;1957.5;0;0;2;1
5.4092584733847;49;1959;0;0;2;1
8.02199577672906;58;1970;0;0;2;1
3.23256775895656;85;1964;0;0;2;1
9.01305328172694;50;1957.5;0;0;2;1
3.18370512774628;56;1956;0;0;1;0
6.06210662480891;62;1962;0;0;2;1
6.81984630566051;52;1969;0;0;1;1
5.26550876098638;64;1963;0;0;2;1
5.78473077925996;86;1962;0;0;1;1
4.61244279922079;52;1960;0;0;2;0
10.3020303400602;51;1971;0;0;1;1
6.80491658272958;54;1959;0;0;1;1
7.32670528624676;47;1971;0;0;1;1
9.48446439618985;84;1970;0;0;1;1
7.45463562784087;50;1957.5;0;0;2;1
2.66184791111702;49;1953;0;0;1;1
7.39514170454487;55;1957.5;0;0;1;1
7.67731346793944;58;1971;0;0;2;1
8.36761374966127;64;1972;0;0;1;1
5.62989114595849;63;1961;0;0;1;1
8.19149926118323;85;1970;0;0;2;1
6.73541667731858;45;1972;0;0;2;1
4.36131974660374;50;1965;0;0;2;1
10.4380237546208;60;1992;0;1;1;1
5.59035294478559;74;1957.5;0;0;1;1
6.9165673908264;76;1971;0;0;1;1
7.94899352193187;64;1972;0;0;1;1
9.02886753961234;56;1957.5;0;0;1;0
6.73787087834832;64;1972;0;0;1;1
6.21263095463307;59;1973;0;0;2;1
8.33007469974384;77;1957;0;0;2;1
8.67708849951172;55;1957.5;0;0;1;1
9.75754027701794;44;1984;0;0;2;1
11.222856792257;48;1955;0;0;1;1
7.32425619813583;56;1969;0;0;1;1
5.08987437558479;71;1956;0;0;2;1
9.6804579130088;36;1959;0;0;2;1
9.24707668866926;63;1991;0;0;1;1
6.46180905293405;89;1960;0;0;2;1
10.5504670651335;63;1957.5;0;0;2;1
8.08305936610033;77;1972;1;1;1;1
8.53915728872141;88;1964;0;0;1;1
2.68501301237838;70;1957.5;0;0;1;1
17.6687851193611;49;1988;0;0;2;1
5.38366831473083;88;1983;0;0;1;1
7.96501229656974;78;1955;0;1;1;1
6.86140410976414;76;1977;0;0;1;1
5.44663902281896;74;1970;0;0;1;1
6.85051359269466;64;1958;0;0;1;1
11.1080462003344;55;1983;0;0;1;1
5.69565350771795;73;1969;0;0;1;1
9.88995976132895;65;1967;0;0;1;1
7.8796367782476;98;1966;0;0;1;1
7.57176748490411;55;1955;0;1;1;1
10.1484126943548;35;1958;0;0;2;1
8.79793744855126;55;1972;0;0;2;1
8.43427087221282;75;1973;0;0;2;1
12.577780277427;42;1983;0;0;1;1
8.77308866312512;75;1955;0;0;2;1
4.59410787236109;68;1965;0;0;1;1
2.57639109738576;59;1952;0;0;1;0
11.3811783232694;57;1972;0;0;2;1
6.18514901601877;69;1963;0;0;2;1
5.70632928219733;66;1963;0;0;2;1
4.8138130614624;60;1950;0;0;1;0
8.58878839162913;56;1957.5;0;0;2;1
8.93831263453368;44;1973;1;0;1;1
6.04055055909767;42;1974;0;0;2;1
9.03881216670161;74;1959;0;1;2;1
10.5863853197875;58;1959;0;0;2;1
5.3180030984288;90;1957.5;0;1;2;1
5.54222504000859;58;1956;0;0;2;1
9.05616030023059;65;1957.5;0;0;2;1
6.75635919277238;35;1975;0;1;1;1
4.5793703951775;85;1958;0;0;2;1
8.19893344513583;42;1952;0;0;1;1
7.25884151485559;68;1972;0;0;1;1
5.71535358390044;92;1972;0;0;1;1
10.2742774167489;57;1994.5;1;0;1;1
7.21638894995986;57;1958;0;0;1;1
10.4169022870086;57;1972;0;0;2;1
5.89208162263591;92;1963;0;0;1;1
5.57240148683679;75;1957.5;0;0;2;1
5.2696604510617;61;1957.5;0;0;2;1
8.19962880209425;89;1973;0;0;2;1
5.37518086950297;85;1957.5;1;0;1;1
9.02672522663013;95;1991;0;0;1;1
9.03251816364408;56;1983;0;1;1;1
10.3280960001636;44;1968;0;0;2;1
7.04871077752156;79;1957.5;0;0;1;1
4.5167632156169;97;1960;0;0;2;1
8.40409953830343;73;1993;0;0;1;1
9.91185327968177;78;1981;0;0;1;1
6.33444113240926;55;1956;0;0;2;1
7.31951652239714;89;1976;0;0;1;1
8.93526533492175;58;1980;0;0;2;1
8.78213341650348;55;1957.5;0;0;1;1
8.55975723861481;70;1972;0;0;1;1
6.31669930413175;57;1963;0;0;1;1
4.21211557241683;55;1960;0;0;1;1
4.75274180271292;45;1957.5;0;0;1;1
5.79522760158091;87;1971;0;0;1;1
7.46418656018161;76;1959;0;0;1;1
3.90307439808163;80;1957.5;0;0;2;1
6.196100888114;54;1970;0;0;1;1
4.14146423768937;82;1969;1;0;2;1
7.59829842061938;82;1962;0;0;1;1
5.45671658579733;87;1972;1;0;2;1
5.06319056359704;73;1962;0;0;2;1
8.24138601003155;80;1962;0;0;1;1
7.80998348527224;60;1966;0;0;2;1
6.46096030841126;52;1956;0;0;1;0
5.98762162355624;65;1957;0;0;1;1
5.29818542511363;85;1972;1;0;1;1
9.46112392181325;69;1991;0;1;1;1
6.53287351150151;57;1962;0;0;1;1
9.96848908136188;60;1972;0;0;2;1
6.98041240803137;40;1966;0;0;1;1
10.141474463527;40;1967;0;0;1;1
9.41315451751942;38;1986;0;0;1;1
7.02567707827367;78;1971;0;0;1;1
8.69963135855366;80;1958;0;0;2;1
9.81387952940695;35;1953;0;0;1;1
6.64431980284585;62;1971;0;0;1;1
6.37114166364152;46;1959;0;0;1;1
4.05215841867647;75;1956;0;0;2;1
11.4263918643236;52;1961;0;0;1;1
6.55781432946626;77;1960;0;0;1;1
7.79890379020672;60;1960;0;0;1;1
9.98402724163143;85;1992;0;0;1;1
8.05419182648799;76;1969;0;0;3;1
5.41894234161456;68;1960;0;0;1;1
9.7734210028479;66;1981;0;0;1;1
6.39910421662414;45;1971;0;0;1;1
6.38225714913873;69;1971;0;0;1;1
6.86424689262359;83;1973;0;0;1;1
11.5367030876917;47;1992;0;0;2;1
7.13571731694472;64;1959;0;0;1;1
10.2720481841469;52;1992;0;0;2;1
10.0997990622907;43;1972;0;0;1;1
9.3213367214942;84;1988;0;0;2;1
2.01996288020943;71;1957.5;0;0;2;1
8.05234606279687;51;1984;0;0;1;1
9.35379864303135;36;1968;0;0;1;1
9.67099390028786;54;1984;0;0;1;1
4.42603191483922;99;1957.5;1;0;1;1
8.03266643828963;95;1980;1;0;1;1
8.74112269471273;52;1966;0;0;1;1
9.83668826022712;54;1957.5;0;0;2;1
8.54824805836908;74;1984;0;0;1;1
7.82456041680514;57;1986;0;0;1;1
5.44973233870019;80;1959;0;0;2;1
4.30468394492364;52;1957;0;0;1;1
11.5499046440642;58;1994;0;0;1;1
4.34225264977017;96;1957;0;0;1;1
6.75255518117628;73;1965;0;0;1;1
10.686000317001;76;1983;0;1;1;1
9.93803142399902;62;1983;0;1;1;1
5.57240148683679;75;1957.5;0;0;1;1
4.42693587888518;60;1957.5;0;0;2;1
9.12485747738812;75;1971;0;0;1;1
6.97197609199164;50;1957.5;0;0;1;1
6.50618918822188;36;1971;0;0;1;1
6.50934897204767;93;1961;0;0;2;1
4.35147891176636;93;1955;1;0;1;1
10.0494726024245;89;1954;0;0;1;1
8.28158377773119;38;1960;0;0;1;1
11.2676868644003;69;1991;1;0;2;1
11.9004923740816;73;1972;0;0;3;1
2.15959924942352;84;1964;0;0;1;1
6.05801117684052;64;1972;0;0;1;1
9.73919512432062;56;1956;0;0;2;0
7.10610329118584;60;1954;0;0;2;0
9.48753214747703;50;1972;0;0;2;1
7.52032129581814;59;1981;0;0;1;1
6.56725789051196;36;1960;0;0;1;1
5.22459518465306;76;1970;0;0;1;1
6.81661494097135;56;1957.5;0;0;2;1
3.70925182659025;75;1957.5;0;0;1;1
7.63582213178037;96;1967;0;0;2;1
9.0227371499568;49;1971;0;0;1;1
6.98317338418983;38;1958;0;0;1;1
3.40485727287136;59;1957.5;0;0;1;1
8.87498913504753;69;1965;0;0;1;1
7.42495513413743;82;1984;0;0;2;1
7.80772868807616;85;1985;0;0;2;1
5.78824846740259;72;1970;0;0;1;1
7.91508464437093;72;1972;0;0;1;1
7.62001298681378;87;1972;0;0;2;1
4.86226103495703;82;1957.5;0;0;2;1
10.8573751297403;54;1957.5;0;0;2;1
7.21177198427266;60;1957.5;0;1;2;1
8.04721269230966;59;1957;0;0;2;1
8.0663810249357;51;1957;0;0;2;1
6.32127025354964;60;1956;0;0;2;1
8.44800417214175;35;1967;0;0;1;1
10.6173389302751;70;1991;0;1;2;1
4.19171195860581;58;1961;0;0;2;1
8.52153305757658;51;1967;0;0;1;1
8.92532070783248;78;1959;1;0;2;1
5.86225285428693;61;1957.5;0;0;1;1
6.28797492624615;56;1959;0;0;1;1
8.34320467525296;95;1972;1;0;2;1
7.72270084823323;70;1957.5;0;0;2;1
13.1717173782997;73;1991;1;1;2;1
7.22733570913627;79;1957.5;1;0;2;1
11.0959797119382;54;1984;0;0;2;1
11.5909869467183;70;1991;1;0;3;1
10.9440237648466;86;1991;1;1;1;1
5.13017491295256;80;1957.5;0;0;2;1
10.6498570939192;58;1991;0;0;2;1
9.03160806409555;56;1959;0;0;2;1
7.70250481892598;71;1983;0;0;1;1
6.13447999059223;50;1959;0;0;2;1
5.86196141791465;40;1958;0;1;1;1
5.84267037523711;77;1972;0;0;2;1
5.17727000812954;58;1957.5;0;0;1;0
8.0364602240481;39;1957;0;0;1;1
6.05001968473743;64;1966;0;0;2;1
5.71535358390044;69;1973;1;0;2;1
5.08415813235302;48;1965;0;0;1;1
8.47271490875996;59;1987;0;0;1;1
6.84139214553412;67;1984;0;0;1;1
5.25079378064556;89;1971;0;0;1;1
4.69515602071755;82;1960;0;0;1;1
7.47694840553627;55;1969;0;0;1;1
5.10367874508521;83;1970;0;0;1;1
7.3049651554583;55;1969;0;0;1;1
6.25901024117638;77;1975;1;0;1;1
7.98433401676015;50;1959;0;0;1;1
8.7084562564231;62;1962;0;0;1;1
8.35761288046507;89;1981;0;0;2;1
10.0918433606193;87;1984;1;1;2;1
10.0409186892521;60;1963;0;0;2;1
10.6567850989094;35;1970;0;0;1;1
11.5499506603335;39;1985;0;0;2;1
8.05808275770389;83;1985;0;0;1;1
5.58177346701912;100;1961;0;0;1;1
9.02941462192522;80;1957.5;0;0;2;1
6.44829049559522;68;1956;0;0;1;1
6.56975810781101;75;1957.5;0;0;2;1
7.46750484449057;58;1953;0;0;2;1
6.5036327288159;55;1997;0;0;1;1
5.26022200293482;84;1973;0;0;1;1
3.46564118558361;78;1957.5;0;0;2;0
7.24308861199593;80;1957.5;0;0;2;1
5.0547378862171;58;1957.5;0;0;2;1
5.72791091250262;71;1959;0;0;1;1
10.6543002203668;50;1969;0;1;1;1
8.59780758041343;82;1959;0;0;1;1
6.61041603820373;52;1959;0;1;1;1
6.08181692682902;60;1957.5;0;0;2;1
7.33228348067061;86;1980;0;0;2;1
9.40265769519846;70;1984;0;0;1;1
4.50504900732681;54;1966;0;1;2;0
3.34172653042442;53;1957.5;0;0;1;0
7.29170224406007;75;1972;0;0;1;1
3.76232136739901;65;1954;0;0;2;1
4.98793606806318;99;1962;0;0;1;1
5.9439215064704;83;1957.5;0;0;1;1
7.76789393761216;41;1982;0;0;2;1
9.9598635873261;99;1991;1;0;1;1
8.1595128410956;87;1981;1;0;1;1
9.02352965237265;66;1964;0;0;1;1
10.3988281190083;60;1987;0;1;2;0
4.46782082287315;47;1957.5;0;0;1;1
10.5883077772608;56;1984;1;1;2;1
8.50214486944162;80;1980;1;0;2;1
7.09526901622329;70;1965;0;0;2;1
8.99143074807115;56;1984;0;0;1;1
4.27023360926052;54;1959;0;1;1;1
3.9361611182976;65;1957;0;0;1;1
5.52268346430927;70;1957.5;0;0;1;1
5.49191391889888;80;1972;0;0;1;1
8.04615431811558;84;1957.5;1;0;2;1
3.21127194081285;57;1956;0;0;2;1
4.59140109314204;85;1963;0;0;2;1
5.87825629016837;64;1957.5;0;0;2;1
5.62601555349903;85;1967;0;0;1;1
4.9666504757571;79;1956;0;0;1;1
5.66119754784414;47;1972;0;0;1;1
6.55244065179489;97;1971;0;0;1;1
9.52763276971925;61;1970;0;0;1;1
9.23290879064131;50;1967;0;0;2;1
4.76436039942122;93;1953;0;0;1;1
5.0999892628705;87;1972;0;0;1;1
9.50321346947332;90;1996;0;0;1;1
7.00469877238819;66;1954;0;0;1;1
16.4413318130921;62;1984;1;0;2;1
7.05203928766815;54;1957.5;0;0;2;0
3.70686613867258;76;1963;0;0;1;1
9.79474698721259;51;1972;0;0;1;1
9.87713656094855;50;1962;0;0;2;1
9.88469856787144;61;1957.5;0;0;2;1
8.5536830910662;88;1983;0;0;1;1
8.42609020211368;50;1986;0;0;2;1
6.20475194674384;79;1955;0;0;2;1
7.37794184566143;40;1973;0;0;1;1
6.05766349836131;67;1957.5;0;0;2;1
3.2332109641431;72;1968;0;0;1;1
3.40200835450934;80;1957.5;0;0;1;0
6.35332825450065;73;1962;0;0;2;1
5.73963994825726;66;1959;1;0;1;1
9.3343746644647;62;1963;0;0;1;1
6.69132797840303;93;1955;0;0;1;1
10.3830854419863;53;1996;0;1;1;1
3.64977170817505;60;1956;0;0;1;0
8.46784741005098;60;1962;0;0;1;1
4.13315574461993;80;1971;0;0;1;1
3.68760526221604;73;1954;0;0;2;1
5.56016627211976;95;1971;0;0;1;1
6.06145217120097;87;1971;0;0;1;1
4.26843488442247;60;1965;0;0;1;1
3.04022026454242;52;1986;0;0;2;1
4.97998343414305;60;1957.5;0;0;1;0
6.25293098070896;91;1970;0;0;1;1
5.8464283705639;52;1968;0;0;1;1
9.38998788238242;69;1972;0;0;1;1
5.42880004908402;73;1967;0;0;1;1
8.83543048219937;67;1958;0;0;2;1
8.27216578127956;38;1965;0;0;1;1
10.8698455387227;47;1994.5;0;0;1;1
8.51267748219426;77;1981;1;0;2;1
10.5837419407617;51;1982;0;0;1;1
8.43180644534545;68;1983;0;0;1;1
4.83078437287494;83;1960;0;0;1;1
6.48676520965524;77;1964;0;0;1;1
8.93240721330586;37;1957.5;0;0;1;1
8.93908468527428;72;1970;0;0;2;1
8.32786080589826;66;1972;0;0;1;1
9.41601775205412;93;1972;1;0;1;1
5.62101511890093;80;1962;0;0;1;1
9.09029414621925;43;1957.5;0;0;1;1
6.8994697903192;86;1968;0;0;1;1
4.54979727276911;73;1968;0;0;1;1
8.46699355260938;45;1992;0;0;1;1
5.43305911045439;88;1968;0;0;1;1
9.05773507922468;39;1974;0;0;1;1
7.07500140605267;40;1957.5;0;0;1;1
8.74436939815833;40;1968;0;0;1;1
4.85780001329359;97;1972;0;0;1;1
8.30996047713758;87;1963;0;1;2;1
5.91289631511941;65;1965;0;0;2;1
7.06054718457126;65;1963;0;0;1;1
9.33932396987468;62;1957.5;0;0;1;1
9.42623336384042;36;1969;0;0;1;1
6.27715599004003;61;1960;0;0;1;1
9.97153638097381;38;1994.5;0;0;1;1
9.01268003865367;44;1991;0;0;1;1
8.12459160560989;62;1985;0;0;1;1
4.21304510105684;80;1974;0;0;1;1
6.87065849281379;74;1957.5;0;0;2;0
6.73079459871257;70;1957.5;0;0;2;1
6.92316816901264;37;1957.5;0;0;2;1
1.92018529217775;81;1972;0;0;2;0
8.91997259475517;37;1972;0;0;2;1
7.86838835686128;65;1956;0;0;2;1
11.6439209951785;68;1957.5;0;1;2;1
7.64724950532511;67;1972;1;0;1;1
5.8823312864615;62;1957.5;0;0;2;1
4.77009147011755;78;1957.5;0;0;1;1
8.65556311131336;59;1986;0;0;1;1
8.72185210371044;65;1972;0;1;1;1
4.34360297162841;43;1957.5;0;0;2;1
6.60589110505514;45;1974;0;0;3;1
6.5320145411411;49;1965;0;0;1;1
4.62353936691839;56;1982;0;0;1;1
3.25347039364362;68;1957;0;0;1;1
5.39168025850918;73;1954;0;0;2;0
4.4652827699749;75;1957.5;0;0;2;1
8.63180849051298;68;1957.5;0;0;2;1
10.0754564558269;68;1995;0;0;2;1
3.84406262302961;60;1957.5;0;1;1;1
6.24521558622171;48;1965;0;0;1;1
9.09509517698369;52;1972;0;0;1;1
9.62272283378412;98;1973;0;0;3;1
6.55650030933159;47;1972;0;0;1;1
6.39323458582801;49;1972;0;0;1;1
9.43901566087032;54;1969;0;0;1;1
8.91693040806205;60;1972;0;0;2;1
8.77091055971122;68;1991;1;0;2;1
8.32774320876559;81;1969;0;0;2;1
11.150611249444;46;1969;0;0;1;1
5.71335954556378;78;1957.5;0;0;2;0
5.24279717562365;87;1963;0;0;1;1
6.68743704718713;78;1961;0;0;1;1
7.4167386736066;85;1965;0;0;2;1
4.52896979798858;76;1987;0;0;1;1
8.43801864170199;90;1957.5;0;0;2;1
6.03417474933916;55;1970;0;0;1;1
6.58911050551428;39;1970;0;0;1;1
9.75350107115649;63;1992;0;1;1;1
6.49712398316827;55;1962;0;0;1;1
7.84359581354208;81;1969;0;0;1;1
5.38519707745561;83;1972;0;0;1;1
4.84996855554931;84;1962;0;0;2;1
5.69888487240711;76;1954;0;0;2;1
13.4483211731081;38;1989;0;0;2;1
8.7081545942132;60;1981;0;0;2;1
10.7439450258969;45;1983;0;0;2;1
4.40164022435488;79;1957;0;0;1;1
4.38233997842348;45;1958;0;0;1;1
2.22309709944116;75;1978;0;0;1;1
6.69468716606249;79;1962;0;0;1;1
4.35450218065987;72;1972;0;0;1;1
13.2716749410736;35;1986;0;0;1;1
8.95506255656166;48;1960;0;0;1;1
10.1499976991865;60;1972;0;0;1;1
4.44025043076341;64;1965;0;0;1;1
5.73309541217795;54;1975;0;0;1;1
9.74275371581375;58;1972;0;0;1;1
6.14909271255682;79;1956;0;0;1;1
5.75416575060205;48;1960;0;0;1;1
6.4100254112065;65;1967;0;0;1;1
9.59614076888073;38;1959;0;0;1;1
6.89457672701615;65;1960;0;0;1;1
6.03963534663033;56;1967;0;0;1;1
9.40547491346385;89;1983;0;0;2;1
8.33145007490426;98;1955;0;0;1;1
6.92645577580874;66;1964;0;0;1;1
7.35834402785518;72;1954;0;0;2;1
7.87746378775251;43;1965;0;0;2;1
9.64150258458046;35;1994.5;0;0;1;1
8.30703077465833;70;1987;0;0;1;1
3.5893983628434;79;1972;0;0;1;1
5.89359504660426;67;1985;0;0;2;1
9.87645654274656;36;1959;0;0;2;1
4.42125440350133;72;1953;0;0;2;0
7.36260308922555;68;1979;0;0;1;1
5.91335647781249;58;1957.5;0;0;1;1
7.25851940097043;56;1971;0;0;1;1
8.90278296170935;73;1971;0;0;1;1
9.78506823190155;58;1984;0;0;1;1
8.77403966602414;38;1972;0;1;1;1
3.29499240731556;72;1957.5;0;0;2;0
4.30152058205468;69;1957.5;0;0;2;1
4.45935485190431;92;1957.5;0;0;1;1
7.39799982616076;78;1957.5;0;0;2;1
6.85131120802933;73;1957.5;0;0;2;1
5.87574073411288;87;1971;0;0;1;1
4.20019377962297;74;1955;0;0;1;1
4.73778600389604;92;1972;0;0;1;1
5.5256029409509;84;1962;0;0;1;1
4.40875996380054;79;1972;0;0;1;1
9.59075686537173;38;1988;0;0;1;1
4.79518772081418;42;1952;0;0;1;0
6.16021331097283;60;1957.5;0;0;1;1
7.80805591488013;73;1961;0;0;1;1
7.40350643972124;70;1964;0;0;2;1
5.21052954500136;66;1965;0;0;2;1
5.94444302418922;57;1964;0;0;2;1
9.11852768389891;35;1972;0;0;1;1
7.14469560237853;42;1957.5;0;0;1;1
6.03991144424618;69;1965;0;0;1;1
5.09490753286329;88;1957;0;0;1;1
6.79088673350956;55;1971;0;0;1;1
6.09931844792237;65;1960;0;0;1;1
7.7382032180711;78;1955;0;0;2;1
10.2066641783795;80;1954;1;0;2;1
6.42125849383638;90;1963;0;0;1;1
8.75976439670115;92;1966;0;0;1;1
6.36141177914236;98;1962;1;0;1;1
9.72708773257389;53;1983;0;0;3;1
6.71265396276773;59;1968;0;0;2;1
9.13039476846147;40;1958;0;0;1;1
11.7893681966224;50;1990;0;0;2;1
8.18186140922268;43;1983;0;0;1;1
10.1776279124464;35;1970;0;0;1;1
7.93193171185635;37;1968;0;0;1;1
6.23382911602747;78;1968;0;0;1;1
8.27120966546172;48;1957.5;0;0;2;1
6.3523261224135;54;1956;0;0;1;1
5.56053951519304;53;1963;0;0;1;1
8.13711314378039;54;1967;0;0;2;1
9.55846878307419;38;1971;0;0;2;1
3.91619926067194;69;1955;0;0;2;1
7.46843028279554;43;1956;0;0;2;1
9.67583583440279;70;1984;0;0;2;1
8.49407157063753;54;1957.5;0;0;2;1
9.8168041189674;83;1986;0;1;2;1
9.74721218101778;72;1972;0;0;1;1
7.23478011892649;72;1972;1;0;2;1
10.7182168184351;73;1972;0;0;2;1
9.42539995807407;58;1962;0;0;1;1
7.44632713477143;80;1972;0;0;2;1
4.65059591068753;71;1972;0;0;1;1
6.96251719218951;40;1962;0;0;1;1
7.40747406471933;49;1994;0;0;2;1
6.3296707791577;84;1970;0;0;1;1
8.34800059309858;55;1962;0;0;1;1
5.98997867912855;52;1968;0;0;1;1
7.61520684313054;84;1986;0;0;1;1
8.45823000976567;56;1973;0;1;1;1
7.22436510330652;54;1962;0;0;2;1
5.47843626491055;47;1959;0;0;1;1
5.00554751691098;70;1957.5;0;0;2;1
5.80920632161282;55;1962;0;0;1;1
5.49590710849102;53;1968;0;0;1;1
8.28292847537874;97;1994.5;0;0;1;1
5.17427383770573;80;1963;0;0;1;1
5.73243584565121;60;1983;0;0;1;1
6.23146694753634;65;1963;0;0;2;1
7.32991619926067;61;1954;0;0;1;1
11.4195354401967;75;1993;0;1;2;1
8.5500529187097;49;1983;0;0;2;1
10.4004642530281;65;1993;0;1;1;1
5.54559956642448;80;1973;0;0;1;1
12.052724418789;52;1994;0;0;2;1
7.64479530429536;52;1957.5;0;0;2;1
8.02371371744988;43;1955;0;0;2;1
10.3744701737881;43;1971;0;0;2;1
6.1518639145529;75;1957.5;0;0;2;1
6.55799328162468;38;1962;0;0;1;1
10.9927754457187;37;1959;0;0;2;1
4.57286676244868;64;1952;0;0;1;1
8.43272677073161;57;1986;0;0;1;1
3.92246105234095;60;1954;0;0;1;1
11.0758603764131;56;1973;0;0;2;1
9.25182659024557;60;1983;0;0;1;1
6.33636870280137;70;1968;0;0;1;1
4.65275611888559;74;1968;0;0;1;1
10.8845707449011;43;1983;0;0;1;1
5.71570637529847;95;1964;0;0;1;1
12.3164538840288;54;1966;0;0;1;1
6.69663007521104;79;1972;0;0;2;1
4.88795038423585;90;1961;0;0;1;1
8.62805049518619;100;1968;0;0;3;1
7.62555539080595;98;1955;0;0;1;1
6.84003210913014;68;1973;0;0;1;1
11.3643159170276;60;1994.5;0;0;1;1
6.29619649969578;84;1973;0;0;1;1
5.90177060378458;70;1971;1;0;1;1
5.43264496403062;75;1968;0;0;1;1
10.8512600788412;56;1979;0;0;1;1
5.53558847139066;75;1957.5;0;0;1;1
9.05049007326813;82;1977;0;0;2;1
6.27035580802012;80;1960;0;0;1;1
4.93458991834669;41;1955;0;0;1;1
6.75497870469315;69;1972;0;0;1;1
7.86644033479392;48;1953;0;0;1;1
4.18577585986512;75;1957.5;0;0;2;0
8.75298977927529;62;1989;0;0;1;1
3.00083238318259;68;1957.5;0;0;1;1
9.12364060271087;70;1961;0;0;1;1
7.55229749006816;69;1967;0;0;1;1
8.08388765894786;56;1970;0;0;1;1
4.13706610492732;93;1989;0;0;2;1
8.15549919982821;65;1982;0;1;2;1
8.02728253478063;36;1970;0;0;2;1
8.31400479591785;51;1971;0;0;1;1
7.80572442390187;72;1959;0;0;1;1
4.56347075154794;67;1962;0;0;2;1
11.9413548212268;38;1956;0;0;1;1
6.11968831646922;97;1973;0;0;1;1
7.22881334267293;60;1968;0;0;1;1
6.54950583639682;72;1965;0;0;1;1
6.94675406349223;75;1974;0;0;2;1
7.21173108092217;61;1967;0;0;1;1
5.78292591891933;48;1972;0;0;1;1
12.2842987376203;50;1989;0;0;1;1
10.7912241861511;69;1997;0;0;1;1
5.62051405285735;83;1957.5;0;0;1;1
5.98270299565913;87;1971;0;0;1;1
5.54547174345419;50;1963;0;0;1;1
5.98544863306116;46;1957.5;0;0;2;1
6.68466584519105;54;1957;0;0;1;1
7.60546673279375;40;1971;0;0;1;1
6.92443617287801;86;1972;0;0;2;1
9.15084644370932;40;1964;0;0;1;1
4.35620682779178;50;1957.5;0;0;2;1
6.98907880541765;72;1959;0;0;1;1
4.54928035667722;84;1972;0;0;2;1
8.33007981266265;90;1971;0;0;1;1
11.8727752412019;71;1994;0;0;2;1
5.79533497287597;49;1957.5;0;0;1;1
5.46443198028459;64;1957;0;0;1;1
7.14104497834679;72;1965;1;0;1;1
6.90658697330545;74;1971;0;0;2;1
6.06210662480891;62;1994.5;0;0;1;1
8.67917968330581;44;1970;0;0;1;1
8.25078866772675;35;1966;0;0;2;1
6.38889371775666;68;1972;0;0;2;1
9.34897204767286;60;1957.5;0;0;2;1
4.73418395259302;54;1950;0;0;2;0
8.32863285663887;66;1957.5;0;0;1;1
5.18863091372972;52;1960;0;0;2;1
4.85247950997786;64;1957.5;0;0;2;0
8.27768262067767;78;1984;0;0;2;1
5.60148376903923;36;1972;0;0;1;1
11.5216199771964;67;1993;0;1;1;1
9.26097871491899;62;1984;0;0;1;1
9.32391874549424;50;1982;0;0;2;1
6.07466395341108;79;1968;0;0;1;1
8.56328515259506;60;1983;0;0;1;1
6.72848355940956;87;1957.5;0;0;2;1
5.29308784505811;84;1968;0;0;1;1
6.32622467187844;63;1994.5;0;0;1;1
6.61339175695229;75;1957.5;0;0;2;1
2.36455008870914;73;1953;0;0;2;1
5.24877417771483;70;1957.5;0;0;2;1
9.36462780507508;64;1960;0;0;2;1
10.1096363180849;44;1973;0;0;1;1
7.59700996507876;65;1960;0;0;2;1
4.95344431775768;84;1957;0;0;1;1
6.56227279467029;49;1972;0;0;1;1
11.8128109293753;52;1983;0;0;2;1
12.9097109666996;63;1991;0;0;1;1
7.89366662746762;75;1957.5;0;0;1;1
2.15180818373785;70;1957.5;0;0;2;0
6.62037600404943;60;1957.5;0;0;2;1
8.61462908330479;80;1957.5;0;0;2;1
4.07005977002091;58;1959;0;0;2;1
5.48603917518394;84;1957.5;0;0;1;1
3.47213663764233;88;1957.5;0;0;2;0
5.37647955088121;84;1965;0;1;1;1
8.05587908969594;59;1984;0;0;1;1
5.43487419663263;64;1960;0;0;1;1
6.39996318698455;58;1963;0;0;1;1
11.0592433902742;40;1957.5;0;0;1;1
8.3127010016208;79;1972;1;0;1;1
9.08054381004484;55;1971;0;0;2;1
10.04600604347;58;1993;0;0;2;1
9.18660619788018;43;1983;0;0;1;1
9.92295342642254;92;1989;0;0;1;1
7.2585500784833;57;1972;1;0;1;1
5.62353067495641;75;1967;0;0;1;1
10.1031275724373;50;1969;0;0;1;1
5.09465853371714;70;1965;0;0;1;1
5.12692820950696;73;1994.5;0;0;1;1
8.12534831759407;61;1961;0;0;3;1
5.90267047749549;65;1954;0;0;2;1
7.14395934206961;76;1955;0;0;1;1
11.2692309658815;86;1995;1;0;2;1
8.77795104891529;44;1995;0;0;2;1
9.76465234708538;50;1962;0;0;1;1
5.72851423692243;75;1968;0;0;2;1
6.89965385539643;55;1957.5;0;0;2;1
4.68950522284657;96;1969;0;0;2;1
9.51220709366356;47;1984;0;0;1;1
7.64758695796669;61;1991;0;0;1;1
8.58240235603299;49;1950;0;0;1;1
8.10781100606903;80;1966;0;0;1;1
10.7149752279084;60;1991;0;0;2;1
10.1622533655788;78;1995;0;0;2;1
5.38733427751901;79;1972;0;0;1;1
8.93163004964644;64;1977;0;0;2;1
7.1004023867105;78;1973;0;0;2;1
5.35833891493637;70;1968;0;0;1;1
6.4740135901382;58;1972;0;0;1;1
6.02675079122419;63;1956;0;0;2;1
13.7479075379762;35;1973;0;0;1;1
6.2574814784516;70;1963;0;0;1;1
5.49638772285935;58;1994.5;0;0;1;1
4.7047095095177;62;1960;0;0;1;1
7.34180373549848;59;1972;0;0;1;1
9.44153632984462;53;1983;0;0;1;1
7.45433396563096;68;1961;0;0;1;1
6.95861092221717;71;1967;0;0;1;1
8.33998353640142;69;1975;0;0;1;1
9.10099548529269;58;1985;0;1;1;1
7.09439982002526;57;1957.5;0;1;1;1
8.20128538778933;62;1974;0;0;2;1
12.7326301365661;35;1979;0;0;1;1
6.48331398945716;76;1965;0;0;1;1
4.70476677420839;58;1964;0;0;1;1
7.59224983766483;59;1984;0;0;1;1
9.21245711539347;50;1961;0;0;2;1
5.39621541749539;98;1972;0;0;2;1
5.96407151950834;68;1957.5;0;0;2;0
6.45014648512396;52;1971;0;0;1;1
5.0683633035591;70;1962;0;0;1;1
7.28266771651933;71;1962;0;0;1;1
9.2888952516323;40;1952;1;0;2;1
7.53700474990158;73;1959;0;0;1;1
6.73649550318791;57;1957.5;0;0;2;0
3.2449031868823;71;1956;0;0;3;1
9.19585546801102;76;1989;0;0;1;1
7.94164114468026;40;1970;0;0;2;1
8.28994851290756;51;1973;0;0;2;1
6.06805294938722;94;1973;0;0;1;1
6.26971669316863;56;1961;0;0;1;1
5.48191304970268;83;1954;0;0;1;1
6.91817284733336;52;1961;0;0;2;1
5.27589309909348;64;1959;0;0;2;1
9.94919292576553;56;1990;1;0;3;1
9.52776570560836;49;1964;0;0;1;1
2.67084102401538;97;1971;0;0;2;1
6.31409682845646;71;1962;0;0;1;1
9.19179069755551;58;1968;0;1;1;1
6.56859747524069;68;1959;0;0;1;1
5.63994314434281;65;1966;0;0;2;1
8.14232320804978;44;1972;0;0;1;1
8.70857896647459;40;1972;0;0;1;1
5.4276803198642;96;1991;0;0;2;1
7.30182582330775;53;1974;0;0;2;1
10.8802912318555;35;1957.5;0;0;2;1
9.79848964378295;67;1984;0;0;2;1
8.73301871839577;66;1979;0;0;2;1
8.06328770905447;71;1983;0;0;2;1
8.98839367429685;89;1984;0;1;1;1
3.51629384966996;88;1957.5;1;0;1;1
7.45942131984886;47;1964;0;0;1;1
7.42687759161072;70;1994.5;0;0;1;1
6.1131795708216;71;1967;0;0;1;1
4.81253483175941;72;1970;0;0;1;1
5.15845446690152;64;1963;0;0;1;1
8.79530940828191;47;1986;0;0;1;1
7.82398265697939;42;1973;0;0;1;1
5.45428283644284;68;1972;0;0;1;1
11.2323514824908;35;1957.5;0;0;1;0
6.39461507390724;59;1964;0;0;2;1
9.0642438248723;64;1971;0;0;2;1
6.21089767515582;59;1957.5;0;0;2;1
6.42545108726219;79;1957.5;0;0;2;1
6.91292699263228;39;1957.5;0;0;2;1
10.4394246943753;62;1957.5;0;0;2;1
8.34532142364112;59;1956;0;0;1;1
9.79948666295128;62;1983;0;0;2;1
5.26717045960027;59;1955;0;0;1;0
9.02580490124397;68;1960;0;0;1;1
3.41918367138248;79;1971;0;0;1;1
7.91673100422838;74;1971;0;0;1;1
7.61325882106318;82;1963;0;0;1;1
8.68677748066039;69;1970;1;0;1;1
10.079480322932;80;1982;0;0;2;1
8.06764902880107;38;1983;0;0;1;1
3.75314163296401;79;1957.5;0;0;1;1
3.44198882315948;72;1974;0;0;1;1
4.99228613938839;64;1964;0;0;1;1
7.01819176513296;72;1957.5;0;0;1;1
10.6362516169606;37;1971;0;0;1;1
8.72994585418978;70;1995;0;0;1;1
7.83062945143494;39;1957.5;0;0;2;1
11.350679762556;35;1971;0;0;1;1
4.94106798648144;36;1957.5;0;0;2;0
7.27199194203995;79;1994.5;0;0;1;1
9.31646922278521;70;1957.5;0;0;2;1
5.31066605993363;68;1957.5;0;0;2;1
7.06500564977529;39;1962;0;0;2;1
6.42449497144435;46;1970;0;0;1;1
6.75127695147329;69;1965;0;0;1;1
4.99422649207753;84;1973;1;0;1;1
7.43009361754345;50;1960;0;0;2;1
12.1937182679476;43;1975;1;0;2;1
7.61032911858393;71;1968;0;0;1;1
10.8479111170194;48;1983;0;0;1;1
8.23929993915627;75;1957.5;0;0;2;1
7.90798280014112;69;1955;0;0;1;1
6.01620283971511;63;1957.5;0;0;1;1
7.45001866215366;62;1957.5;0;0;2;1
7.42137097805024;87;1957.5;0;0;2;1
9.49626501280786;52;1960;0;0;2;1
11.9704677809421;82;1984;0;0;2;1
5.61319746603744;65;1964;0;0;1;0
4.9726786070364;70;1957.5;0;0;1;1
6.38859205554675;60;1958;0;0;1;1
7.06264348128416;60;1957.5;0;0;2;1
10.287980039165;65;1983;0;0;1;1
6.96528839418559;48;1977;0;0;2;1
3.95165581875725;73;1962;0;0;1;1
7.58392089292014;70;1957.5;0;0;1;1
7.31767075870602;66;1951;0;0;1;1
12.0092697218061;42;1991;0;0;1;1
6.08802401026674;70;1963;0;0;1;1
6.16804118967395;66;1963;0;0;1;1
5.26630637632105;83;1972;0;0;2;1
7.0720205743853;60;1968;0;0;1;1
10.0609459922386;40;1995;0;1;1;1
7.84467975233021;84;1983;0;0;2;1
3.93325135620171;83;1994.5;0;0;1;1
7.17853801199491;65;1957.5;0;0;2;1
10.8273571833953;68;1959;0;0;2;1
6.08199587898744;43;1994.5;0;0;2;1
8.47564461123922;39;1957.5;0;0;2;1
12.0460367209829;35;1994.5;0;0;2;1
9.617967819289;54;1990;0;0;2;1
5.48586022302552;51;1972;0;0;1;1
10.1435503085647;64;1981;0;0;2;1
5.54873378565622;42;1957;0;0;1;1
7.30041977063446;37;1967;0;0;1;1
4.42945705915136;49;1957.5;0;0;2;1
7.85530439762147;66;1968;0;0;2;1
6.76016831728729;69;1959;0;0;1;1
9.59369679368861;55;1968;0;0;2;1
3.87303600006136;64;1957.5;0;0;1;1
7.10440068922146;60;1957.5;0;0;2;0
6.19135098653769;65;1963;0;0;1;1
8.8628817433008;35;1972;0;0;1;1
3.24552338393419;65;1957.5;0;0;1;0
8.45141960190814;44;1972;0;0;2;1
7.26197573408732;94;1981;0;0;1;1
7.35080247260754;52;1958;0;0;1;1
6.67235904961065;38;1988;0;0;1;1
7.37845313754263;100;1970;0;0;3;1
2.06259797630673;44;1955;0;0;1;1
6.47984231758384;49;1957.5;0;0;2;0
6.00086408327922;60;1957.5;0;0;2;1
4.94963519324277;62;1972;0;0;2;1
8.93794961729803;90;1961;0;0;1;1
5.64544975790329;65;1967;0;0;1;1
6.15354606484204;68;1963;0;0;2;1
3.47532403122971;70;1956;0;0;2;1
8.27909378626977;80;1968;0;0;1;1
5.34178328382324;84;1967;0;0;1;1
10.1668396537531;39;1960;0;0;1;1
6.17143105484628;37;1954;0;0;1;1
7.04708486933936;76;1957.5;0;0;2;1
8.80512621240087;75;1955;0;0;2;1
7.75280060127925;57;1981;0;0;1;1
5.08735421790237;58;1956;0;0;1;1
11.5353686158817;49;1991;0;0;1;1
9.92236032784035;62;1957.5;0;0;2;1
12.6454906612538;37;1957.5;0;0;1;1
6.51093908979819;35;1956;0;0;1;1
12.9546228455438;54;1991;0;0;1;1
9.7084102401538;50;1984;0;0;2;1
7.31317650307031;60;1991;1;0;2;1
9.71861051318366;88;1991;0;1;1;1
8.76519942939826;37;1953;0;0;2;1
9.81534182418717;35;1972;0;0;2;1
3.38304760638706;54;1960;0;0;1;0
5.98592924742948;67;1972;0;0;1;1
6.85861756901162;42;1963;0;0;2;1
6.63448765997045;54;1983;0;0;1;1
8.15286093372123;57;1963;0;0;1;1
14.8466380002352;40;1991;0;0;2;1
7.33769294877367;39;1958;0;0;1;1
9.90628019817673;68;1961;0;0;1;1
7.16415025845805;59;1954;0;0;1;1
5.33788723968852;35;1957.5;0;0;2;1
10.173287044375;36;1972;0;0;2;1
5.95237827418538;98;1996;0;0;1;1
4.4078744062623;95;1957.5;0;0;1;1
8.01378954203586;72;1963;0;0;2;1
6.95970508684293;75;1975;0;0;2;1
7.08896478732814;54;1969;0;0;1;1
11.8429822632846;35;1970;0;0;1;1
8.60764483620765;57;1959;0;0;2;1
8.0758245859814;79;1957.5;0;0;1;1
7.66843232796306;54;1972;0;0;1;1
5.10870832332053;85;1972;0;0;1;1
5.47389088008671;50;1970;1;0;1;1
8.91491080513133;86;1994;0;0;1;1
9.45667568244684;46;1991;0;0;1;1
7.40696277283813;68;1972;0;0;1;1
9.42140676848192;45;1996;0;0;1;1
3.40861271173875;39;1986;0;1;1;1
9.01425993056656;56;1996;0;0;1;1
8.19381541340505;35;1968;0;0;1;1
5.56316244254357;67;1965;0;0;1;1
10.191749794205;51;1961;0;0;1;1
6.91882730094129;78;1957.5;0;0;2;1
8.72839152687095;80;1958;0;0;1;1
5.24599274988112;73;1957.5;0;0;2;0
9.75506051139414;53;1988;0;0;1;1
6.25580444108128;51;1962;1;0;1;1
3.91868720696584;42;1958;0;0;2;0
12.7957542322185;38;1967;0;0;1;1
5.60229672313033;70;1959;0;0;1;1
7.40474887899255;74;1985;0;0;1;1
9.31599883425451;78;1954;0;0;1;1
3.87053220371914;97;1957.5;0;0;2;0
6.38632703251305;53;1960;0;0;2;1
7.61313611101169;50;1958;0;0;2;1
7.76652367537056;70;1957.5;0;0;1;1
9.47548099783724;37;1957.5;0;0;2;1
10.6473568766202;86;1991;0;0;2;1
8.16717710639473;72;1954;0;0;2;1
6.09167974721729;63;1961;0;0;1;1
7.82426898043286;68;1965;0;0;1;1
7.29903928255523;74;1983;0;0;1;1
6.87294396752274;78;1971;0;0;1;1
6.91213449021643;58;1970;0;0;1;1
7.71685678203116;98;1959;0;0;2;1
3.61810024388623;72;1982;0;0;1;1
5.22029010701339;70;1972;0;0;2;1
9.96801357991237;47;1981;0;0;2;1
5.36085958391067;73;1968;0;0;2;1
4.9129321055511;79;1957.5;0;0;2;1
6.80491658272958;54;1972;0;0;2;1
11.5480384286978;100;1989;1;0;2;1
8.829458593027;74;1957.5;0;0;2;1
8.19537996656151;73;1977;0;0;1;1
6.85039599556199;56;1964;0;0;1;1
8.0176958120082;48;1957;0;0;1;1
9.25012398828119;48;1950;0;0;2;1
6.61757923745929;49;1972;0;0;1;1
8.82697371448439;64;1984;0;0;2;1
6.10434444711452;64;1972;0;0;1;1
4.17341998026413;64;1971;0;0;1;1
13.166624911163;89;1983;0;0;1;1
8.46261178118753;70;1959;0;0;1;1
8.44438933854169;38;1956;0;0;1;1
9.34779096342729;52;1986;0;0;2;1
7.74529483646329;66;1983;0;1;1;1
6.12366105438612;95;1955;0;0;2;1
6.1843053844148;66;1972;0;0;1;1
5.60678075292842;88;1972;0;0;1;1
10.8379255865796;35;1984;0;0;1;1
9.91906249520664;70;1957.5;0;1;2;1
7.21574472218956;94;1979;0;0;1;1
11.0156199669705;47;1990;0;0;2;1
4.72850298850105;81;1973;0;0;1;1
4.38203371458665;78;1968;0;0;1;1
9.83002612701513;58;1980;0;0;1;1
8.85630652970861;70;1968;0;0;1;1
10.0744185333081;52;1968;0;0;1;1
7.51070389553284;58;1963;0;0;1;1
9.10218679537588;43;1981;0;0;1;1
8.99249934810285;41;1970;0;0;1;1
7.96998205365497;58;1972;0;0;1;1
6.38501301237838;75;1960;0;0;2;1
9.21272298717169;54;1983;0;0;2;1
6.49340689119197;42;1956;0;0;1;1
5.1063788775098;86;1954;0;0;1;1
12.3742094149287;54;1993;0;0;1;1
9.89955159702019;76;1991;1;0;2;1
4.99503740100111;72;1957.5;0;0;2;1
4.95262164912083;74;1957.5;0;0;2;1
6.11290858612456;86;1966;0;0;1;1
8.14797809625581;61;1983;0;0;1;1
6.19600374265657;60;1972;0;0;1;1
7.72421427220157;69;1972;0;0;1;1
4.53976112443311;100;1957.5;0;0;2;1
5.61542158572064;64;1957.5;0;0;1;1
6.22161435298569;76;1968;0;0;1;1
5.6376321050398;80;1969;0;0;1;1
4.14566654566092;73;1964;0;0;1;1
3.97968228322502;67;1957.5;0;0;2;0
6.11219277749089;68;1954;0;0;1;1
5.02467954781346;62;1972;0;0;2;1
7.85685361202149;81;1970;0;0;1;1
6.09289662189454;54;1960;0;0;1;1
10.450581083223;91;1985;0;0;2;1
8.07476109886851;56;1970;0;0;1;1
9.53766431642832;37;1972;0;0;1;1
7.70809323918746;70;1989;0;0;2;1
3.5828778574825;40;1983;0;0;2;1
7.14906203504395;68;1957.5;0;0;2;1
5.45555084030821;77;1957.5;0;0;2;1
7.89157033075472;81;1957.5;0;0;2;1
6.19880562216553;42;1973;0;0;1;1
8.3578378488928;43;1964;0;0;1;1
4.09121651677293;58;1969;0;0;1;1
5.19370292919119;50;1957.5;0;0;2;1
6.03950241074122;49;1969;0;0;1;1
5.13311995418825;81;1970;0;0;1;1
10.5508709857196;70;1985;0;0;3;1
5.44775363911996;82;1953;0;0;1;1
7.99624200467321;84;1957.5;0;0;2;1
7.84718508254807;67;1957.5;0;0;2;1
8.14405137460822;74;1960;0;0;1;1
5.57989702581513;45;1984;0;1;1;1
10.0864492312727;84;1965;1;0;1;1
8.09119401993016;100;1954;0;0;2;1
10.0605829750029;56;1992;0;1;1;1
4.20793218224488;50;1954;0;0;2;1
8.4948691859722;62;1957.5;0;0;1;1
6.90436796654106;53;1972;0;0;1;1
6.7646165566537;69;1961;0;0;1;1
5.81861920514564;86;1957.5;0;0;1;1
10.4917094021464;35;1971;0;0;2;1
7.20857641001519;80;1976;0;0;2;1
4.9243794194792;48;1957.5;0;0;1;1
4.75092467136714;75;1957.5;0;0;2;1
7.94547583378924;60;1957.5;0;0;1;1
4.29374025349852;92;1957.5;0;0;2;1
9.55208786039687;62;1957.5;0;0;2;0
4.36850186365891;84;1974;0;0;1;1
10.451941119627;45;1984;0;0;2;1
5.46600164635986;53;1963;0;0;2;1
4.48599622666592;65;1957.5;0;0;2;1
6.33888425885685;45;1960;0;0;2;1
8.12442799220791;100;1960;0;0;2;1
8.27682365031726;67;1960;0;0;2;1
5.83265928020329;52;1960;0;0;1;1
9.52199322026966;94;1972;0;0;1;1
7.88623755643384;58;1959;0;0;1;1
4.30507763967216;70;1951;0;0;1;0
9.78128467198069;95;1984;1;0;3;1
8.03945639447191;42;1958;0;0;1;1
7.96251719218951;90;1959;0;0;1;1
11.0361227714065;46;1985;0;0;1;1
8.71825772178564;70;1967;0;0;1;1
9.83597756451225;56;1973;0;0;2;1
4.88051364382385;55;1983;0;0;1;1
6.19576343547241;56;1962;0;0;1;1
7.70955042104886;70;1957.5;0;0;1;1
7.77753690249153;52;1959;0;0;1;1
11.373493606295;65;1985;0;1;1;1
10.7610426264041;62;1967;0;0;1;1
5.37307434695244;68;1970;0;0;2;1
7.60422940644126;62;1957.5;0;0;1;1
5.88477014873481;52;1958;0;0;1;1
5.69465648854962;45;1956;0;0;1;1
8.65245445667568;66;1991;0;1;1;1
9.3284334528052;58;1957.5;0;0;2;1
5.91942039952348;84;1958;0;0;1;1
6.79705291359678;98;1988;0;0;2;1
9.50564721882781;70;1995;0;0;1;1
6.65911658988767;83;1968;0;0;1;1
4.81853842102841;99;1968;0;0;1;1
4.97998292285117;70;1970;0;0;1;1
10.2986813782384;73;1992;0;0;1;1
8.21213500150831;52;1957.5;1;0;2;1
10.4624941840549;35;1957.5;0;0;1;1
7.47789429551648;51;1969;0;0;1;1
7.3822009070318;60;1961;0;0;1;1
5.28799537792139;66;1952;0;0;2;1
5.54999156368396;62;1962;0;0;1;1
5.02726054922974;77;1957.5;0;0;2;1
6.75084746629308;57;1959;0;0;2;1
6.70082778155566;88;1957.5;0;0;1;1
6.526415895042;79;1960;0;0;1;1
7.94255635714761;35;1974;0;0;1;1
6.46081203376572;80;1970;0;0;1;1
6.32271209665462;65;1971;0;0;1;1
8.46267824913208;64;1972;0;0;1;1
8.17194234672748;41;1972;0;0;1;1
7.98510095458194;40;1957.5;0;0;1;1
7.14347872770128;56;1958;0;0;2;1
5.51769325554879;96;1983;1;0;1;1
5.27653221394498;100;1970;1;0;2;1
8.81499414570796;96;1991;1;0;1;1
7.3846806726556;44;1963;0;0;2;1
4.4243794194792;60;1952;0;0;2;0
9.00791479832092;78;1981;1;0;1;1
5.77930085948165;60;1961;0;0;1;1
6.57942663728443;85;1964;0;0;1;1
6.74834213607522;72;1958;0;0;1;1
10.9489526185814;70;1983;0;0;1;1
8.39326015042207;38;1971;0;0;1;1
9.13295122786745;56;1972;0;0;1;1
11.6808260431633;35;1976;0;0;1;1
5.22175240179361;70;1962;0;0;2;1
7.17802672011371;100;1983;0;0;2;1
3.06853816538247;65;1957.5;0;0;2;0
9.16606760301253;55;1984;0;0;2;1
6.89840630320631;76;1966;0;0;1;1
11.4035115526401;60;1991;1;0;1;1
11.2126309546331;60;1991;0;0;2;1
5.4416999432466;79;1962;0;0;1;1
8.49987984640792;37;1965;0;0;1;1
10.8335131376449;87;1991;0;0;1;1
5.90478211296483;80;1969;0;0;1;1
7.50086663973863;71;1969;0;0;2;1
5.51330125828932;65;1957.5;0;0;1;1
7.75134853233666;63;1971;0;0;1;1
7.13763466149921;65;1962;0;0;2;1
3.5843324828845;87;1989;0;1;3;1
9.60525710312246;80;1983;0;0;3;1
6.73351978443934;79;1975;1;0;2;1
9.38262527929319;61;1972;0;0;1;1
10.4798883338531;64;1991;0;0;2;1
6.67093765818093;36;1972;0;0;1;1
6.81282626813169;93;1957.5;0;0;2;1
4.9907768057551;90;1955;0;0;2;1
5.38215489076249;79;1957;0;0;1;1
4.56605839975867;92;1955;1;0;1;1
3.7988986772879;80;1955;0;0;1;1
5.29605333796905;55;1955;0;0;1;0
5.64665640674292;41;1951;0;0;2;1
5.51647638087155;56;1954;0;0;2;1
9.33765204542317;70;1972;0;0;1;1
5.87056134735637;88;1959;0;0;1;1
6.45417035222898;86;1970;0;0;1;1
8.35109902189863;57;1957.5;0;0;2;1
7.92953375293354;68;1981;0;0;2;1
7.71814523757177;65;1983;0;0;1;1
6.54386117402842;76;1983;0;0;2;1
8.25351385345352;73;1969;0;0;1;1
8.92436970493346;66;1967;0;0;1;1
8.28626209844414;46;1957.5;0;0;1;1
8.65124780783606;54;1957.5;0;0;2;1
5.61479269670677;76;1957.5;0;0;2;1
5.02494644217544;68;1961;0;0;1;1
7.29246406896305;78;1962;0;0;1;1
6.74337237898999;36;1961;0;0;1;1
5.99720323340986;61;1957.5;0;0;2;1
7.90237392820439;79;1963;0;1;1;1
7.02951176738265;68;1973;0;0;1;1
8.84251187475394;54;1983;0;0;1;1
4.33639426739543;80;1960;0;0;1;1
10.192920652613;73;1981;0;1;2;1
10.7831457744282;50;1993;0;0;1;1
10.2519032840278;51;1989;0;0;1;1
7.69421166461298;35;1972;0;0;1;1
7.92875147635531;96;1970;0;0;2;1
6.65072629011724;52;1974;0;0;1;1
4.53416452350153;72;1968;0;0;2;1
6.59566526743122;60;1965;0;0;1;1
11.4844848478651;47;1971;0;0;1;1
5.36594182520976;78;1967;0;0;1;1
9.58532694559343;55;1967;0;0;1;1
9.98543840722353;57;1958;0;0;1;1
8.35569042299177;78;1982;0;0;1;1
6.11819534417613;65;1957.5;0;0;1;1
7.37243523210095;52;1966;0;0;2;1
6.97787640030064;61;1957.5;0;0;2;1
7.69187506071591;75;1958;0;0;2;1
5.7524375840436;63;1957.5;0;0;2;1
7.2764146168123;70;1957.5;0;0;2;1
9.35936661161758;75;1957.5;0;0;2;1
9.56867928194168;68;1983;0;0;2;1
5.34440621117377;91;1960;0;0;1;1
2.73967267093766;48;1956;0;0;1;0
5.56684374408819;82;1962;0;0;1;1
2.87220463946253;57;1954;0;0;1;1
6.57828134347055;50;1969;0;0;1;1
7.64211102191908;90;1985;0;0;1;1
4.17096168889934;78;1968;0;0;2;1
5.36054258294433;51;1957.5;0;0;1;0
8.73693010128692;83;1991;0;0;1;1
7.01575290285966;37;1966;0;0;1;1
8.05147175368002;93;1970;0;0;2;1
7.91138800406988;45;1992;0;1;1;1
9.15860785446588;71;1986;0;1;2;1
7.92192572974134;99;1957.5;0;0;1;1
6.22242219415798;100;1966;0;0;1;1
10.6249776309802;62;1996;0;1;2;1
5.92341358911562;81;1959;0;0;2;1
5.60534402274226;84;1967;0;0;1;1
4.71961724689774;52;1972;0;0;1;1
6.59282248457177;72;1955;0;0;1;1
7.48415762106114;53;1984;0;0;1;1
11.0598825051257;48;1962;0;0;2;1
3.60009663416555;51;1955;0;0;1;1
7.44850012526651;50;1982;0;0;1;1
8.21795350311632;48;1957.5;0;0;1;1
4.57205840998451;83;1959;0;0;1;1
9.24211204450285;50;1986;0;0;1;1
11.1312997550912;86;1994;0;0;2;1
7.59832909813225;77;1974;1;0;2;1
4.0165402923567;97;1971;0;0;2;1
6.00143161726735;45;1972;0;0;1;1
8.96695520571829;37;1953;0;0;1;1
3.31771626368345;45;1957.5;0;0;2;0
10.9160816635393;94;1972;0;1;2;1
11.1057965160571;38;1972;0;0;2;1
7.23250998297398;90;1960;0;0;1;1
9.14170965779234;54;1991;0;0;1;1
6.41317496919466;65;1959;0;0;1;1
6.70351717685075;64;1963;0;0;1;1
6.4163961080462;81;1971;0;0;2;1
7.87702407673469;49;1960;0;0;1;1
12.1303998813803;96;1986;0;0;2;1
3.27534806194812;83;1957.5;0;0;1;1
6.57862390903095;54;1972;0;0;1;1
6.02131575852707;60;1967;0;0;1;1
8.88546550569323;65;1972;0;0;1;1
5.62956391915453;86;1973;0;0;1;1
5.48079843340168;82;1959;0;0;2;1
7.62810673729312;83;1989;0;0;2;1
8.2752590971608;60;1955;0;0;1;1
4.71696517590997;43;1954;0;0;1;1
8.69251417556741;93;1957.5;0;1;1;1
5.2198248314015;44;1957.5;0;0;1;1
3.72409411860949;92;1957.5;0;0;2;1
6.66491463982043;79;1978;0;0;1;1
9.2106778196469;62;1957.5;0;0;1;1
5.95124320620913;53;1960;0;0;2;1
9.49878056886335;50;1964;0;0;1;1
5.84043091679747;83;1961;0;0;1;1
7.92837823328203;61;1954;0;0;1;1
9.38667982391108;80;1983;0;0;1;1
6.15758015778467;88;1977;0;0;1;1
6.20907747605876;82;1971;0;0;1;1
9.52622160412715;60;1986;1;0;2;1
6.13209225750704;75;1963;0;0;1;1
3.76402754840656;89;1957.5;0;0;2;0
5.38374500851301;64;1960;0;0;1;1
11.3148024112525;57;1960;0;0;1;1
4.89673079971163;92;1958;0;0;2;1
9.53632473169959;35;1957.5;0;0;2;1
6.95916311744886;64;1970;0;0;1;1
9.31486376627826;82;1962;0;0;1;1
10.4988674884831;50;1991;0;0;1;1
9.28977978658677;78;1994.5;0;0;1;1
7.60688812422348;63;1958;0;0;1;1
6.37175521389896;58;1960;0;0;1;1
11.7914951708482;37;1971;0;0;2;1
7.34742283327283;64;1965;0;0;1;1
6.34677349258371;53;1972;0;0;2;1
8.28437031848371;71;1968;0;0;2;1
5.01548447462203;53;1982;0;0;2;1
5.10707525705199;70;1967;0;0;1;1
5.30209680800479;50;1957.5;0;0;2;1
9.27994764371137;50;1957.5;0;0;2;1
7.57359279691998;79;1957.5;0;0;1;1
6.91406206060854;44;1966;0;0;1;1
9.17706549137706;41;1956;0;0;2;1
6.90743060490942;82;1973;1;0;2;1
10.3496265012808;38;1966;0;0;2;1
8.11953492890486;92;1973;0;0;1;1
8.48233230904527;50;1957.5;0;0;2;1
8.22440600665702;83;1972;0;0;1;1
6.29946876773544;58;1972;0;0;1;1
7.06280198176733;44;1973;0;0;1;1
7.29463705945813;82;1984;0;0;1;1
6.33099502513;68;1965;0;0;1;1
5.46351676781724;70;1957.5;0;0;1;0
5.58714203177168;40;1957.5;0;0;1;1
7.56711984170403;50;1991;0;1;1;1
5.27083642238845;79;1970;0;0;2;1
9.9963238113742;45;1957.5;0;0;2;1
6.34513224564507;100;1971;0;0;2;1
9.89958738745188;63;1985;0;0;1;1
4.29671137062015;55;1972;0;0;1;1
5.78706738315702;54;1962;0;0;1;1
6.82841555758936;67;1963;0;0;1;1
9.22912011780165;85;1994.5;0;0;1;1
9.49680698220193;58;1986;0;0;1;1
9.68494194280689;76;1992;0;0;1;1
6.67144383714331;56;1957.5;0;0;2;1
11.2842118180005;70;1989;0;0;2;1
9.49429653906526;52;1972;1;0;1;1
5.74377629957614;65;1962;0;0;1;1
8.50409289150898;43;1991;0;0;2;1
6.31144833651186;68;1964;0;0;1;1
9.05554674997316;90;1979;0;1;1;1
10.5445974343373;64;1957;0;0;1;1
5.87328142016433;70;1965;0;0;1;1
14.4984022128713;39;1983;0;0;2;1
9.6612231124382;70;1991;0;0;1;1
9.84601933705895;35;1995;0;0;1;1
6.55697069786229;37;1957.5;0;0;1;1
11.3912098699785;82;1984;0;0;3;1
11.7623361948636;39;1991;0;0;1;1
3.76827996298247;87;1957.5;0;0;2;1
9.92579109636318;38;1957.5;0;0;1;1
6.55792681368013;42;1964;0;0;1;1
8.25736388131893;78;1957;0;0;1;1
12.3625417341998;62;1993;0;0;2;1
8.28411978546193;43;1959;0;0;2;1
4.83321198672686;51;1986;0;0;1;1
4.58795294069525;86;1957;0;0;1;1
8.016668115327;53;1980;0;0;1;1
9.76134428861404;59;1994;0;0;1;1
10.3904327063191;73;1963;0;0;1;1
8.37950639881789;72;1972;0;0;1;1
5.68386311693757;36;1955;0;0;2;1
8.61100913678592;60;1959;0;0;2;1
3.50100366596279;57;1957.5;0;0;2;1
4.59185256387314;68;1957.5;0;0;2;1
6.58845605190635;78;1980;0;0;2;1
5.22335785830057;75;1972;0;0;2;1
6.81198263652771;39;1968;0;0;1;1
5.16614940971352;73;1968;0;0;1;1
5.40002965492911;65;1959;0;0;1;1
6.23673836683147;50;1957.5;0;0;2;0
7.35383954638184;70;1961;0;0;1;1
4.12987478461829;75;1961;0;0;1;1
6.56698179289611;41;1957.5;0;0;2;0
5.51769325554879;84;1991;0;0;1;1
5.31743556444067;59;1957.5;0;0;1;0
4.28121718145238;60;1956;0;0;1;0
9.40551581681434;68;1979;0;0;1;1
5.30465326741077;52;1960;0;0;2;1
6.9757238614808;90;1961;0;0;1;1
6.96817719331435;56;1955;0;0;1;1
5.37769642555846;56;1962;0;0;2;1
12.2648696461349;50;1972;1;0;1;1
9.16093934544413;58;1984;0;0;1;1
5.19020569272381;86;1962;0;0;1;1
9.17899817468798;78;1955;0;0;1;1
10.0769340893636;57;1972;0;0;2;1
6.54703118369183;82;1985;0;0;1;1
5.06802482833375;82;1972;0;0;1;1
7.11309265120179;75;1971;0;0;1;1
7.40350643972124;85;1957.5;0;1;1;1
6.08778370308258;75;1984;1;0;1;1
12.3341036797677;47;1983;0;0;1;1
6.80894556275341;35;1994;0;0;2;1
7.50613294611495;83;1983;0;0;1;1
9.06995495518527;56;1957.5;0;0;1;1
9.46090406630433;51;1956;0;0;2;1
4.15945404252926;54;1957.5;0;0;2;1
6.72931696517591;57;1996;0;0;1;1
9.99210565335433;49;1957.5;0;0;1;1
11.6396210304577;43;1972;0;0;1;1
6.93908468527428;60;1954;0;0;1;1
5.71312946421724;69;1957;0;0;1;1
4.22211899807243;71;1983;0;0;1;1
5.6646027517729;100;1972;0;0;1;1
7.31682201418324;86;1983;0;0;1;1
12.5292075487133;40;1991;0;0;1;1
5.57308150503878;87;1968;0;0;1;1
3.8922994329773;71;1963;0;0;1;1
4.16867825935792;62;1955;0;0;1;1
4.64436172878011;67;1964;0;0;1;1
6.88775609332099;94;1971;0;0;1;1
6.85770235654428;56;1972;0;0;1;1
9.95315032492599;36;1966;0;0;1;1
10.753107376408;48;1985;0;0;1;1
8.27191524825777;65;1965;0;0;1;1
2.77405551607246;86;1960;1;0;1;1
4.06611617574125;76;1960;0;0;1;1
4.39765981705976;93;1955;1;0;1;1
8.38214466492487;84;1981;0;0;1;1
9.87250936942372;67;1991;0;0;2;1
8.17465219369782;68;1970;0;0;1;1
5.64073053383985;65;1957.5;0;0;1;1
7.63285663886943;49;1983;0;0;1;1
2.77443131560514;38;1957.5;0;0;1;1
10.6265626358119;80;1972;0;0;3;1
5.93780134265248;75;1957.5;0;0;1;1
8.35153361999765;79;1986;0;0;1;1
6.07963882341512;54;1966;0;0;1;1
9.01719985888344;36;1967;0;0;1;1
7.47024536897379;38;1957.5;0;0;2;1
9.94727046829223;58;1957.5;0;0;2;1
6.49116231983352;91;1979;0;0;1;1
10.0776652367537;49;1994;0;1;1;1
9.71454574272815;58;1983;0;0;2;1
4.88019255252246;58;1954;0;0;1;0
4.72493877279723;68;1960;0;0;1;1
9.38174074433872;55;1981;0;0;1;1
2.97969557681394;54;1955;0;0;1;0
5.05255824892757;72;1968;0;0;1;1
10.993910513695;45;1992;0;0;2;1
9.81242234754554;35;1972;0;0;2;1
8.91507441853331;66;1972;1;0;1;1
7.21459942837568;38;1970;0;0;1;1
7.12752642100796;87;1962;0;0;1;1
4.78327001835538;38;1972;0;0;1;1
7.57961581528047;45;1971;0;0;1;1
5.86568873572856;83;1972;0;0;1;1
6.11965252603754;100;1983;0;0;1;1
6.79838738540671;57;1955;0;0;1;1
8.27164937647955;68;1963;0;0;1;1
10.3536605942234;74;1986;0;0;2;1
5.42736331889786;80;1973;0;0;1;1
5.18240337861675;78;1963;0;0;2;1
9.85590260912247;51;1989;0;0;1;1
5.32585142880516;79;1991;0;0;2;1
8.26970646733101;58;1958;0;0;1;1
6.21560667338163;90;1962;0;0;1;1
7.76514318729133;63;1979;0;1;1;1
7.77839075993312;53;1996;0;1;1;1
10.9672108516589;50;1991;0;0;2;1
11.2693383371765;44;1994;0;0;1;1
7.31015988097125;78;1959;0;0;1;1
4.40016207952634;67;1957.5;0;0;2;1
7.81554122802084;92;1957.5;0;0;2;1
7.86459968402162;44;1985;0;0;1;1
6.53814493079664;96;1979;0;0;1;1
5.2856025319174;53;1957.5;0;0;2;0
6.23297014566706;64;1973;0;0;2;1
5.05083366141229;56;1957.5;0;0;2;1
5.36004151690075;66;1957.5;0;0;2;1
6.05978024674946;79;1971;0;0;1;1
6.46878818711238;81;1957.5;0;0;1;1
5.92115367900073;52;1957.5;0;0;1;1
9.82785824943886;37;1974;0;0;1;1
8.17995940342463;72;1996;1;0;1;1
6.80850585173558;86;1963;0;0;1;1
8.62688986261587;55;1968;0;0;1;1
4.27916434454937;88;1957.5;0;0;1;1
8.8339886390944;63;1982;0;0;1;1
7.39328060209732;70;1957.5;0;0;1;1
4.80394461686343;93;1971;0;0;2;1
8.22233016161936;54;1996;0;0;1;1
8.11723411543948;54;1976;0;0;2;1
8.62656263581191;43;1984;0;0;1;1
9.27214532960431;95;1970;0;0;3;1
7.56529452968816;56;1967;0;0;1;1
6.41810893584821;55;1958;0;0;1;1
11.1958708067675;36;1972;0;0;2;1
7.55566179064643;58;1957.5;0;0;2;1
10.075645633823;64;1995;0;1;2;1
5.91272758879862;84;1957.5;0;0;1;1
7.16319925555902;60;1976;0;0;1;1
5.99489730702566;56;1964;0;0;2;1
9.16191591293722;47;1983;0;0;1;1
5.19286441050603;55;1957.5;0;0;1;1
10.1697591303948;62;1973;0;0;2;1
6.64162529463195;89;1962;0;0;2;1
11.5115679788121;75;1982;0;0;2;1
7.53263831723616;86;1970;0;0;1;1
8.81036695418313;38;1957.5;0;0;1;1
4.85113736878972;75;1962;0;0;1;1
10.464176334344;65;1984;0;0;1;1
10.980340827168;37;1991;0;0;1;1
5.3437773221599;66;1963;0;0;1;1
7.66846300547594;56;1983;0;0;2;1
7.17308252762254;75;1971;0;0;1;1
6.44038592311193;54;1983;0;0;2;1
8.34440621117377;84;1970;1;0;2;1
7.24539965129894;65;1963;0;0;1;1
8.23071023555217;47;1972;0;0;1;1
6.35990346809283;90;1970;0;0;1;1
10.4980647602297;37;1971;0;0;1;1
5.65180511598656;63;1964;1;0;1;1
5.82361452682493;100;1968;0;0;1;1
7.267395428028;58;1962;0;0;1;1
9.10282079730856;56;1984;0;0;2;1
10.6842363600108;58;1986;0;0;1;1
8.24617681495836;64;1961;0;0;1;1
8.19519078856547;81;1968;0;0;1;1
7.90601432639851;78;1994.5;0;0;1;1
7.33419571230628;81;1985;0;1;1;1
10.0877888160014;50;1972;0;0;1;1
9.34318933649653;38;1958;0;0;1;1
3.49015711999509;65;1957.5;0;0;2;1
8.59351784153019;67;1967;0;1;1;1
9.79467540634922;67;1991;0;1;1;1
8.68930326255349;77;1959;0;0;2;1
6.83426984962906;57;1972;0;0;2;1
9.15567303906781;72;1972;0;0;1;1
11.2632232862774;38;1972;0;0;2;1
13.9510898186448;57;1977;0;0;3;0
7.97840814385708;68;1957.5;0;0;1;1
5.17828747897312;79;1989;0;0;1;1
4.99304898687514;90;1989;0;0;1;1
6.51464595593687;65;1968;0;0;1;1
5.63013656606147;69;1956;0;0;2;1
2.81940966239397;70;1956;0;0;1;0
7.8687820516098;50;1972;0;0;1;1
5.29680493703441;57;1957.5;0;0;1;0
4.91369137399467;58;1955;0;0;1;1
9.58577688244888;81;1993;0;0;1;1
4.31530347729608;50;1963;0;0;1;1
4.80516046895691;52;1959;0;0;1;1
8.78580449221047;79;1973;0;0;2;1
9.81555656677728;41;1986;0;0;1;1
6.83725068129643;40;1972;0;0;1;1
5.82057745305062;69;1983;1;0;2;1
7.85472152487691;56;1967;0;0;1;1
7.7393127214533;87;1980;0;0;1;1
7.16607782885016;64;1963;0;0;1;1
7.22412990904117;72;1972;0;0;2;1
9.12492905825149;94;1982;0;0;1;1
4.64404063747872;88;1955;0;0;2;1
8.13684727200217;35;1971;0;0;1;1
9.87422731014454;65;1972;0;0;2;1
5.79721141407996;73;1957.5;0;0;1;1
5.51070389553284;50;1957.5;0;0;2;1
10.3718012301683;62;1972;0;0;1;1
7.49499189602368;56;1957.5;0;0;2;1
5.71783846244305;77;1969;0;0;1;1
7.9224676991354;60;1961;0;0;2;1
6.49007326812657;46;1957.5;0;0;1;1
9.58116502968049;46;1952;0;1;2;1
11.2146761221579;50;1984;0;0;2;0
8.6049758925878;77;1957.5;0;0;2;1
11.6640096531907;39;1957.5;0;0;2;1
7.01614659760818;67;1957.5;0;0;2;1
3.64895466374889;98;1963;0;0;2;1
9.52366514472117;45;1992;0;0;2;1
10.4471298630249;64;1991;0;0;2;1
4.47955599413037;80;1970;0;0;1;1
9.66341655460853;43;1957.5;0;0;2;1
8.77376868132711;35;1959;0;0;2;1
8.45246263734578;38;1959;0;0;1;1
5.4040432961965;49;1963;0;0;1;1
3.72995659131929;62;1972;0;0;1;1
4.97166369265222;59;1960;0;0;1;1
3.04644728836351;84;1961;0;0;1;1
7.93801097232377;63;1957.5;0;0;2;1
7.91132664904414;56;1969;0;0;1;1
7.35919277237797;90;1956;0;0;1;1
8.40685028862427;59;1958;0;0;2;1
6.85240025973628;47;1967;0;0;1;1
4.86985832101972;65;1957.5;0;0;1;1
7.01178016494276;65;1961;0;0;2;1
2.95795800248488;95;1959;0;0;2;1
7.40350643972124;65;1960;0;0;1;1
7.42855974189986;100;1985;0;0;1;1
9.04600604347004;53;1957.5;0;0;2;1
8.70025513464872;37;1966;0;0;2;1
3.11117632923107;73;1972;0;0;1;0
7.73137235853832;80;1957.5;0;0;2;1
7.58830266434199;70;1955;0;1;1;1
9.24370216225337;67;1961;0;0;2;1
7.57632309556557;50;1958;0;0;2;1
9.31023146183462;65;1994;0;1;1;1
5.94847711713186;38;1958;0;0;1;1
5.64977528721821;70;1961;0;0;2;1
5.28105714709356;52;1957.5;0;0;2;1
7.29545001354924;67;1957.5;0;0;1;1
6.86281527535624;40;1965;0;0;1;1
8.89957716161425;66;1959;0;0;1;1
11.3243840211061;70;1989;0;0;1;1
5.38923628331706;47;1972;0;0;1;1
8.2752590971608;60;1979;0;0;1;1
6.94824192286651;48;1957.5;0;0;2;1
11.8388203473717;53;1957.5;0;0;2;1
5.01414642376894;88;1951;1;0;1;1
9.19750182786848;80;1972;0;0;2;1
4.97302372905621;72;1963;1;0;1;1
6.14661805985183;69;1964;0;0;1;1
7.95384056896561;55;1959;0;0;1;1
8.08652592505484;63;1963;0;0;1;1
6.91349452662041;37;1957.5;0;0;1;1
4.35343767096322;48;1962;0;0;2;1
10.3049804942147;73;1969;0;0;3;1
5.92719714903647;54;1960;0;0;1;1
6.76931021612308;53;1973;0;0;1;1
4.43869508086081;75;1957.5;0;0;1;1
4.19898457432394;72;1954;0;0;1;0
4.26502610145053;72;1970;0;0;2;1
8.64679956846965;60;1984;0;0;2;1
4.55836396823855;39;1957.5;0;0;1;1
8.01734302061018;36;1957.5;1;0;2;1
6.79356590296703;85;1969;0;0;1;1
5.44802973673581;83;1972;0;0;1;1
11.3404539249321;50;1994;0;0;2;1
7.66580940061253;43;1969;0;0;1;1
6.60099292883328;48;1966;0;0;2;1
7.42312470920274;98;1959;1;0;2;1
6.41527637882638;89;1979;0;1;1;1
9.29648793606806;85;1980;0;0;2;1
5.13111569001396;59;1960;0;0;1;1
6.06470910048419;65;1994;0;0;2;1
6.27096935827756;97;1994;0;0;1;1
11.1037002193442;59;1991;0;0;3;1
9.34755065624313;45;1965;0;0;1;1
8.85265590567687;42;1983;0;0;1;1
6.53646278050751;38;1995;0;0;1;1
5.32497711968832;61;1957.5;0;0;2;1
5.89308886764187;85;1957.5;0;0;2;1
4.44138038582085;82;1957.5;0;0;1;1
7.03783559920852;54;1957.5;0;0;2;1
6.03036562482424;71;1973;0;0;1;1
8.43726192971782;54;1968;0;0;1;1
11.2039338797339;77;1994.5;0;1;2;1
10.8713436239346;48;1996;0;0;1;1
4.84252414575909;52;1957.5;0;0;1;1
6.79404651733535;50;1956;0;0;1;0
6.77720456276875;89;1973;0;0;1;1
4.81794276598682;65;1972;0;0;1;1
7.67689932151567;68;1961;0;1;1;1
8.83858004018754;68;1972;0;0;1;1
5.82020420997735;78;1968;0;0;2;1
11.2248866210253;63;1971;0;0;2;1
8.52788841565985;67;1972;1;0;1;1
6.20367312087451;93;1964;1;0;1;1
11.4454988419239;55;1981;0;0;1;1
7.8687820516098;50;1967;0;0;1;1
9.1265600793525;80;1991;0;0;2;1
10.1628208995669;43;1991;0;0;2;1
4.14593804164984;80;1960;0;0;2;1
7.65273055429153;43;1952;0;0;1;1
6.49666893339401;47;1952;0;0;1;1
5.15674163909951;63;1957.5;0;0;2;1
9.06797625560504;48;1957.5;0;0;2;1
11.1120751803582;39;1972;0;0;2;1
9.93555677129403;62;1956;0;0;1;0
7.52877295061432;68;1957.5;0;0;2;1
5.67849455218501;81;1959;1;0;2;1
4.87539458950931;79;1991;0;0;1;1
11.1582346113926;72;1976;0;0;2;1
4.18756435886555;61;1961;0;0;1;1
8.52670733141428;56;1964;0;0;1;1
11.5634129755654;56;1985;0;0;2;1
7.98406814498193;84;1970;0;0;2;1
5.16339354647388;78;1957.5;0;0;1;1
6.86153704565325;40;1966;0;0;1;1
8.86260564568495;80;1981;1;0;3;1
5.20026280402694;48;1972;0;0;1;1
5.98691092784138;64;1960;0;0;1;1
8.02193442170332;86;1965;0;0;1;1
9.67327426207799;83;1957.5;0;0;2;1
3.23843278812576;68;1972;0;0;1;1
8.960165249536;57;1988;0;0;1;1
4.37944708895968;55;1957.5;0;0;2;0
8.62145994283757;95;1983;0;0;2;1
6.45538722690622;39;1961;0;0;1;0
5.45578603457356;85;1973;0;0;1;1
5.92715113276716;40;1994.5;0;0;1;1
7.51242183625366;86;1972;0;0;1;1
8.06594131391788;41;1961;0;0;1;1
7.3740815919584;49;1957.5;0;0;1;1
3.31473134168103;59;1990;0;0;3;1
9.03566260871344;36;1972;0;0;1;1
7.08636231165285;72;1991;0;0;2;1
6.94352781172188;56;1957.5;0;0;1;1
5.39372542603396;63;1954;0;0;1;1
6.80897112734747;64;1959;0;0;2;1
6.4920059514375;73;1968;0;0;1;1
9.27125568173103;100;1972;1;0;1;1
5.90030830900436;85;1957.5;0;0;2;1
11.0321040172203;39;1957.5;0;1;2;1
4.41480854675509;78;1961;0;0;1;1
6.57079091741102;37;1957;0;0;2;1
7.86055536524136;69;1984;0;0;2;1
3.86957711048506;85;1969;0;0;3;1
8.07991492103097;68;1957.5;0;0;2;1
6.51897148525179;56;1962;0;0;1;1
5.51481979517647;86;1953;0;0;1;1
7.16568413410164;74;1960;0;0;3;1
4.0675232509983;65;1959;0;0;1;0
7.31293619588615;35;1950;0;0;1;1
3.50019326833109;83;1961;0;0;1;1
5.03331271122746;79;1958;0;0;1;1
4.91101067066156;98;1974;0;0;1;1
8.25067107059407;84;1981;1;1;1;1
5.15803009464013;51;1958;0;0;1;1
10.5355322292837;35;1957;0;0;2;1
8.53035795544602;56;1972;0;0;1;1
7.21843411748465;61;1954;0;0;1;1
3.36523010691113;77;1968;0;0;1;1
9.02548278735882;65;1993;1;1;1;1
8.2137557967717;68;1981;0;0;2;1
8.08297755939934;56;1970;0;0;1;1
15.0538952771969;49;1994;1;1;2;1
7.38629635500018;41;1973;0;0;1;1
5.0762760567125;60;1963;0;0;1;1
5.98652234601167;58;1967;0;0;1;1
9.63436494991896;44;1957.5;0;0;2;1
5.26843846346564;72;1993;1;0;2;1
6.1698153725017;76;1963;0;0;2;1
7.13962358691706;72;1974;0;0;1;1
10.5012398828119;44;1991;0;0;1;1
9.17257634866016;35;1957.5;0;0;2;1
8.59226006350245;60;1984;0;0;1;1
7.16124100765404;81;1986;1;1;1;1
7.11657966183155;85;1957.5;0;0;2;1
4.10807381009597;49;1963;0;0;1;0
9.41069009065205;35;1972;0;0;1;1
8.41995469953933;50;1971;0;0;1;1
7.24216317369097;45;1959;0;0;2;1
7.94295005189613;77;1967;0;0;2;1
10.2407520080989;48;1988;0;0;1;1
7.98637918428493;65;1957.5;0;0;2;1
5.1345515714556;52;1957.5;0;0;2;1
6.88277611039814;65;1972;0;0;1;1
2.93842460745566;68;1952;0;0;3;1
3.47015691547834;54;1957.5;0;0;2;1
8.88477526165362;83;1964;0;0;1;1
5.78733836785406;63;1960;0;0;1;1
10.3280960001636;40;1990;0;0;2;1
9.23449890839183;36;1979;0;0;1;1
6.20323340985668;77;1956;0;0;2;1
6.18333392984053;62;1973;0;0;1;1
6.80785139812765;100;1963;0;1;1;1
8.2752590971608;60;1973;0;0;2;1
6.85236446930459;97;1974;1;0;1;1
9.16191591293722;47;1984;0;1;1;1
5.04559854384072;60;1957.5;0;0;2;1
6.98232975258586;64;1973;0;0;2;1
5.16880301457693;86;1950;0;0;1;0
6.77989395806384;63;1968;0;0;2;1
5.8020175577632;67;1959;0;0;1;1
10.8032242066028;41;1972;0;0;1;1
4.67129044957895;80;1954;0;0;1;1
5.25471538937433;75;1967;0;0;1;1
3.13211424305793;85;1988;1;0;1;1
8.8897245670636;53;1973;0;1;1;1
6.82871721979927;86;1985;1;0;1;1
7.81818971996544;67;1971;0;0;2;1
13.5529775082701;41;1972;0;0;2;1
5.80233967164835;62;1953;0;0;2;0
